file,commons_title,original_width,original_height,download_variant,source_page,original_file,license,artist,description,status
001_Cu -CHI 406.jpg,Cu -CHI 406.jpg,6176,4112,Wikimedia thumbnail ~1600px wide (or original if smaller),https://commons.wikimedia.org/wiki/File:Cu_-CHI_406.jpg,https://upload.wikimedia.org/wikipedia/commons/5/52/Cu_-CHI_406.jpg?utm_source=commons.wikimedia.org&utm_campaign=imageinfo&utm_content=original,CC BY-SA 3.0,Viault,Cu_-CHI_406.jpg 35 KM DE SAIGON GALERIES,downloaded
002_Another ventilation _termite mound_ (32015458191).jpg,Another ventilation 'termite mound' (32015458191).jpg,6000,4000,Wikimedia thumbnail ~1600px wide (or original if smaller),https://commons.wikimedia.org/wiki/File:Another_ventilation_%27termite_mound%27_(32015458191).jpg,https://upload.wikimedia.org/wikipedia/commons/4/4d/Another_ventilation_%27termite_mound%27_%2832015458191%29.jpg?utm_source=commons.wikimedia.org&utm_campaign=imageinfo&utm_content=original,CC BY 2.0,"shankar s. from Dubai, united arab emirates","Another 'termite mound' lookout and ventilation shaft in the distance, deep in the jungle. Who would guess that there are human beings armed to the teeth crawling in the ground under you! As a matter of fact, looking at the largish opening up front, it could well be one of the tunnel entrances for the Viet Cong as well. To combat these guerrilla tactics, U.S. and South Vietnamese forces trained soldiers known as “tunnel rats” to navigate the tunnels in order to detect booby traps and enemy troop presence. Now part of a Vietnam War memorial park in Ho Chi Minh City (formerly Saigon), the Cu Chi tunnels have become a popular tourist attraction. I wonder if any wild creatures now slither or crawl into the now abandoned tunnels nowadays? (Cu Chi Tunnels, Saigon/ HCM, Vietnam, Nov. 2016)",downloaded
003_B-52 bomb crater_ courtesy America (31293084714).jpg,"B-52 bomb crater, courtesy America (31293084714).jpg",6000,4000,Wikimedia thumbnail ~1600px wide (or original if smaller),"https://commons.wikimedia.org/wiki/File:B-52_bomb_crater,_courtesy_America_(31293084714).jpg",https://upload.wikimedia.org/wikipedia/commons/7/71/B-52_bomb_crater%2C_courtesy_America_%2831293084714%29.jpg?utm_source=commons.wikimedia.org&utm_campaign=imageinfo&utm_content=original,CC BY 2.0,"shankar s. from Dubai, united arab emirates","A B-52 bomb crater, courtesy America. This was not the first one I was seeing in Vietnam- I had encountered a similar large crater in My Son in central Vietnam, where relentless US bombing had destroyed several priceless Cham temples. Ethics and double dealings of the Americans aside, they also bombed other countries in the neighbourhood, and when resistance from Vietnam became too strong and too intimidating, frustated US airforce dropped the bombs in neighbouring Laos instead, for fear of reprisal from their commanders. Laos today has the dubious reputation of having the highest per capita incidence of un-exploded US bombs from the Vietnam war. Some sources say that this was to cut off Vietnamese military supply lines and to support loyalists in Laos from the Communists in Vietnam. (Chu Chi Tunnels, Saigon/ HCM, Vietnam, Nov. 2016)",downloaded
004_Cu Chi Tunnel Vietnam (38647687955).jpg,Cu Chi Tunnel Vietnam (38647687955).jpg,4000,6000,Wikimedia thumbnail ~1600px wide (or original if smaller),https://commons.wikimedia.org/wiki/File:Cu_Chi_Tunnel_Vietnam_(38647687955).jpg,https://upload.wikimedia.org/wikipedia/commons/b/ba/Cu_Chi_Tunnel_Vietnam_%2838647687955%29.jpg?utm_source=commons.wikimedia.org&utm_campaign=imageinfo&utm_content=original,CC BY 2.0,dronepicr,Cu Chi Tunnel Vietnam Vietnam Saigon,downloaded
005_Củ Chi Tunnels.jpg,Củ Chi Tunnels.jpg,6000,4000,Wikimedia thumbnail ~1600px wide (or original if smaller),https://commons.wikimedia.org/wiki/File:C%E1%BB%A7_Chi_Tunnels.jpg,https://upload.wikimedia.org/wikipedia/commons/5/5e/C%E1%BB%A7_Chi_Tunnels.jpg?utm_source=commons.wikimedia.org&utm_campaign=imageinfo&utm_content=original,CC BY-SA 2.0,Ludovic Lubeigt,Củ Chi Tunnels,downloaded
006_Entrance Cu Chi Tunnel Vietnam (25673144018).jpg,Entrance Cu Chi Tunnel Vietnam (25673144018).jpg,6000,4000,Wikimedia thumbnail ~1600px wide (or original if smaller),https://commons.wikimedia.org/wiki/File:Entrance_Cu_Chi_Tunnel_Vietnam_(25673144018).jpg,https://upload.wikimedia.org/wikipedia/commons/2/25/Entrance_Cu_Chi_Tunnel_Vietnam_%2825673144018%29.jpg?utm_source=commons.wikimedia.org&utm_campaign=imageinfo&utm_content=original,CC BY 2.0,dronepicr,Entrance Cu Chi Tunnel Vietnam Vietnam Saigon,downloaded
007_It would take some pluck to crawl in there_ (31985454272).jpg,It would take some pluck to crawl in there! (31985454272).jpg,6000,4000,Wikimedia thumbnail ~1600px wide (or original if smaller),https://commons.wikimedia.org/wiki/File:It_would_take_some_pluck_to_crawl_in_there!_(31985454272).jpg,https://upload.wikimedia.org/wikipedia/commons/e/e5/It_would_take_some_pluck_to_crawl_in_there%21_%2831985454272%29.jpg?utm_source=commons.wikimedia.org&utm_campaign=imageinfo&utm_content=original,CC BY 2.0,"shankar s. from Dubai, united arab emirates","Now there is one more of the infamous Cu Chi tunnels. Of course, the opening is partly covered in dirt,. It wouldn't be much larger if cleaned out though and it would take some pluck to crawl in there! American operations to storm the tunnels did not bring about the desired success; for instance, on occasions when troops found a tunnel, they would often underestimate its size. Rarely would anyone be sent in to search the tunnels, as it was so hazardous. The tunnels were often rigged with explosive booby traps or punji stick pits. The two main responses in dealing with a tunnel opening were to flush the entrance with gas, water or hot tar to force the Viet Cong soldiers into the open, or to toss a few grenades down the hole and “crimp” off the opening. This approach proved ineffective due to the design of the tunnels and the strategic use of trap doors and air filtration systems. (Cu Chi Tunnels, Saigon/ HCM, Vietnam, Nov. 2016)",downloaded
008_Small Cu Chi Tunnel Vietnam (39543852401).jpg,Small Cu Chi Tunnel Vietnam (39543852401).jpg,6000,4000,Wikimedia thumbnail ~1600px wide (or original if smaller),https://commons.wikimedia.org/wiki/File:Small_Cu_Chi_Tunnel_Vietnam_(39543852401).jpg,https://upload.wikimedia.org/wikipedia/commons/2/27/Small_Cu_Chi_Tunnel_Vietnam_%2839543852401%29.jpg?utm_source=commons.wikimedia.org&utm_campaign=imageinfo&utm_content=original,CC BY 2.0,dronepicr,Small Cu Chi Tunnel Vietnam Vietnam Saigon,downloaded
009_This one outside is re-constructed at the same site it was in (32134111305).jpg,This one outside is re-constructed at the same site it was in (32134111305).jpg,6000,4000,Wikimedia thumbnail ~1600px wide (or original if smaller),https://commons.wikimedia.org/wiki/File:This_one_outside_is_re-constructed_at_the_same_site_it_was_in_(32134111305).jpg,https://upload.wikimedia.org/wikipedia/commons/a/ae/This_one_outside_is_re-constructed_at_the_same_site_it_was_in_%2832134111305%29.jpg?utm_source=commons.wikimedia.org&utm_campaign=imageinfo&utm_content=original,CC BY 2.0,"shankar s. from Dubai, united arab emirates","Outside the exhibition of booby traps at the Cu Chi tunnels site is this one constructed separately and laid out into the open. A swiveling lid shows how the trap worked and how easy it was to camouflage. Simply stepping on it causes the lid to swivel, making the poor chap who stepped on it to fall directly into the severely spiked trap below. (this was one of the types of traps, there were several other types. So this this is a booby trap with punji sticks. The punji stick or punji stake is a type of booby trapped stake. It is a simple spike, made out of wood or bamboo, generally placed upright in the ground. Punji sticks are usually deployed in substantial numbers. (Cu Chi Tunnels, Saigon/ HCM, Vietnam, Nov. 2016)",downloaded
010_20190925 Cu Chi tunnel ant hill-2.jpg,20190925 Cu Chi tunnel ant hill-2.jpg,5760,3840,Wikimedia thumbnail ~1600px wide (or original if smaller),https://commons.wikimedia.org/wiki/File:20190925_Cu_Chi_tunnel_ant_hill-2.jpg,https://upload.wikimedia.org/wikipedia/commons/2/20/20190925_Cu_Chi_tunnel_ant_hill-2.jpg?utm_source=commons.wikimedia.org&utm_campaign=imageinfo&utm_content=original,CC0,Balon Greyjoy,An ant hill at the Cu Chi Tunnels in Vietnam.,downloaded
011_20190925 Cu Chi tunnel ant hill-3.jpg,20190925 Cu Chi tunnel ant hill-3.jpg,5760,3840,Wikimedia thumbnail ~1600px wide (or original if smaller),https://commons.wikimedia.org/wiki/File:20190925_Cu_Chi_tunnel_ant_hill-3.jpg,https://upload.wikimedia.org/wikipedia/commons/4/46/20190925_Cu_Chi_tunnel_ant_hill-3.jpg?utm_source=commons.wikimedia.org&utm_campaign=imageinfo&utm_content=original,CC0,Balon Greyjoy,An ant hill at the Cu Chi Tunnels in Vietnam.,downloaded
012_Co Chi Tunnels_ Ho Chi Minh City_ Vietnam (49579267848).jpg,"Co Chi Tunnels, Ho Chi Minh City, Vietnam (49579267848).jpg",5760,3840,Wikimedia thumbnail ~1600px wide (or original if smaller),"https://commons.wikimedia.org/wiki/File:Co_Chi_Tunnels,_Ho_Chi_Minh_City,_Vietnam_(49579267848).jpg",https://upload.wikimedia.org/wikipedia/commons/2/25/Co_Chi_Tunnels%2C_Ho_Chi_Minh_City%2C_Vietnam_%2849579267848%29.jpg?utm_source=commons.wikimedia.org&utm_campaign=imageinfo&utm_content=original,CC BY 2.0,flowcomm,"Co Chi Tunnels, Ho Chi Minh City, Vietnam",downloaded
013_Co Chi Tunnels_ Ho Chi Minh City_ Vietnam (49579290353).jpg,"Co Chi Tunnels, Ho Chi Minh City, Vietnam (49579290353).jpg",5760,3840,Wikimedia thumbnail ~1600px wide (or original if smaller),"https://commons.wikimedia.org/wiki/File:Co_Chi_Tunnels,_Ho_Chi_Minh_City,_Vietnam_(49579290353).jpg",https://upload.wikimedia.org/wikipedia/commons/6/63/Co_Chi_Tunnels%2C_Ho_Chi_Minh_City%2C_Vietnam_%2849579290353%29.jpg?utm_source=commons.wikimedia.org&utm_campaign=imageinfo&utm_content=original,CC BY 2.0,flowcomm,"Co Chi Tunnels, Ho Chi Minh City, Vietnam",downloaded
014_Co Chi Tunnels_ Ho Chi Minh City_ Vietnam (49579300413).jpg,"Co Chi Tunnels, Ho Chi Minh City, Vietnam (49579300413).jpg",5760,3840,Wikimedia thumbnail ~1600px wide (or original if smaller),"https://commons.wikimedia.org/wiki/File:Co_Chi_Tunnels,_Ho_Chi_Minh_City,_Vietnam_(49579300413).jpg",https://upload.wikimedia.org/wikipedia/commons/3/3b/Co_Chi_Tunnels%2C_Ho_Chi_Minh_City%2C_Vietnam_%2849579300413%29.jpg?utm_source=commons.wikimedia.org&utm_campaign=imageinfo&utm_content=original,CC BY 2.0,flowcomm,"Co Chi Tunnels, Ho Chi Minh City, Vietnam",downloaded
015_Co Chi Tunnels_ Ho Chi Minh City_ Vietnam (49579316708).jpg,"Co Chi Tunnels, Ho Chi Minh City, Vietnam (49579316708).jpg",3840,5760,Wikimedia thumbnail ~1600px wide (or original if smaller),"https://commons.wikimedia.org/wiki/File:Co_Chi_Tunnels,_Ho_Chi_Minh_City,_Vietnam_(49579316708).jpg",https://upload.wikimedia.org/wikipedia/commons/3/3a/Co_Chi_Tunnels%2C_Ho_Chi_Minh_City%2C_Vietnam_%2849579316708%29.jpg?utm_source=commons.wikimedia.org&utm_campaign=imageinfo&utm_content=original,CC BY 2.0,flowcomm,Vietnam,downloaded
016_Co Chi Tunnels_ Ho Chi Minh City_ Vietnam (49579810841).jpg,"Co Chi Tunnels, Ho Chi Minh City, Vietnam (49579810841).jpg",5760,3840,Wikimedia thumbnail ~1600px wide (or original if smaller),"https://commons.wikimedia.org/wiki/File:Co_Chi_Tunnels,_Ho_Chi_Minh_City,_Vietnam_(49579810841).jpg",https://upload.wikimedia.org/wikipedia/commons/f/fc/Co_Chi_Tunnels%2C_Ho_Chi_Minh_City%2C_Vietnam_%2849579810841%29.jpg?utm_source=commons.wikimedia.org&utm_campaign=imageinfo&utm_content=original,CC BY 2.0,flowcomm,Vietnam,downloaded
017_Co Chi Tunnels_ Ho Chi Minh City_ Vietnam (49580035337).jpg,"Co Chi Tunnels, Ho Chi Minh City, Vietnam (49580035337).jpg",5760,3840,Wikimedia thumbnail ~1600px wide (or original if smaller),"https://commons.wikimedia.org/wiki/File:Co_Chi_Tunnels,_Ho_Chi_Minh_City,_Vietnam_(49580035337).jpg",https://upload.wikimedia.org/wikipedia/commons/3/35/Co_Chi_Tunnels%2C_Ho_Chi_Minh_City%2C_Vietnam_%2849580035337%29.jpg?utm_source=commons.wikimedia.org&utm_campaign=imageinfo&utm_content=original,CC BY 2.0,flowcomm,Vietnam,downloaded
018_Co Chi Tunnels_ Ho Chi Minh City_ Vietnam (49580049197).jpg,"Co Chi Tunnels, Ho Chi Minh City, Vietnam (49580049197).jpg",5760,3840,Wikimedia thumbnail ~1600px wide (or original if smaller),"https://commons.wikimedia.org/wiki/File:Co_Chi_Tunnels,_Ho_Chi_Minh_City,_Vietnam_(49580049197).jpg",https://upload.wikimedia.org/wikipedia/commons/0/07/Co_Chi_Tunnels%2C_Ho_Chi_Minh_City%2C_Vietnam_%2849580049197%29.jpg?utm_source=commons.wikimedia.org&utm_campaign=imageinfo&utm_content=original,CC BY 2.0,flowcomm,Vietnam,downloaded
019_Cu Chi Tunnels_ Ho Chi Minh City_ Vietnam (49579303068).jpg,"Cu Chi Tunnels, Ho Chi Minh City, Vietnam (49579303068).jpg",5760,3840,Wikimedia thumbnail ~1600px wide (or original if smaller),"https://commons.wikimedia.org/wiki/File:Cu_Chi_Tunnels,_Ho_Chi_Minh_City,_Vietnam_(49579303068).jpg",https://upload.wikimedia.org/wikipedia/commons/c/c3/Cu_Chi_Tunnels%2C_Ho_Chi_Minh_City%2C_Vietnam_%2849579303068%29.jpg?utm_source=commons.wikimedia.org&utm_campaign=imageinfo&utm_content=original,CC BY 2.0,flowcomm,"Co Chi Tunnels, Ho Chi Minh City, Vietnam",downloaded
020_Cu Chi Tunnels_ Ho Chi Minh City_ Vietnam (49579796441).jpg,"Cu Chi Tunnels, Ho Chi Minh City, Vietnam (49579796441).jpg",5760,3840,Wikimedia thumbnail ~1600px wide (or original if smaller),"https://commons.wikimedia.org/wiki/File:Cu_Chi_Tunnels,_Ho_Chi_Minh_City,_Vietnam_(49579796441).jpg",https://upload.wikimedia.org/wikipedia/commons/9/91/Cu_Chi_Tunnels%2C_Ho_Chi_Minh_City%2C_Vietnam_%2849579796441%29.jpg?utm_source=commons.wikimedia.org&utm_campaign=imageinfo&utm_content=original,CC BY 2.0,flowcomm,"Co Chi Tunnels, Ho Chi Minh City, Vietnam",downloaded
021_Cu Chi Tunnels_ Ho Chi Minh City_ Vietnam (49579798986).jpg,"Cu Chi Tunnels, Ho Chi Minh City, Vietnam (49579798986).jpg",5760,3840,Wikimedia thumbnail ~1600px wide (or original if smaller),"https://commons.wikimedia.org/wiki/File:Cu_Chi_Tunnels,_Ho_Chi_Minh_City,_Vietnam_(49579798986).jpg",https://upload.wikimedia.org/wikipedia/commons/f/f0/Cu_Chi_Tunnels%2C_Ho_Chi_Minh_City%2C_Vietnam_%2849579798986%29.jpg?utm_source=commons.wikimedia.org&utm_campaign=imageinfo&utm_content=original,CC BY 2.0,flowcomm,"Co Chi Tunnels, Ho Chi Minh City, Vietnam",downloaded
022_Cu Chi Tunnels_ Ho Chi Minh City_ Vietnam (49579800651).jpg,"Cu Chi Tunnels, Ho Chi Minh City, Vietnam (49579800651).jpg",5760,3840,Wikimedia thumbnail ~1600px wide (or original if smaller),"https://commons.wikimedia.org/wiki/File:Cu_Chi_Tunnels,_Ho_Chi_Minh_City,_Vietnam_(49579800651).jpg",https://upload.wikimedia.org/wikipedia/commons/4/4f/Cu_Chi_Tunnels%2C_Ho_Chi_Minh_City%2C_Vietnam_%2849579800651%29.jpg?utm_source=commons.wikimedia.org&utm_campaign=imageinfo&utm_content=original,CC BY 2.0,flowcomm,"Co Chi Tunnels, Ho Chi Minh City, Vietnam",downloaded
023_20190925 Cu Chi tunnel entrance.jpg,20190925 Cu Chi tunnel entrance.jpg,5641,3761,Wikimedia thumbnail ~1600px wide (or original if smaller),https://commons.wikimedia.org/wiki/File:20190925_Cu_Chi_tunnel_entrance.jpg,https://upload.wikimedia.org/wikipedia/commons/c/c0/20190925_Cu_Chi_tunnel_entrance.jpg?utm_source=commons.wikimedia.org&utm_campaign=imageinfo&utm_content=original,CC0,Balon Greyjoy,An entrance to a tunnel at the Cu Chu Tunnels in Vietnam.,downloaded
024_A Part Of Cu Chi Tunnels.jpg,A Part Of Cu Chi Tunnels.jpg,5472,3648,Wikimedia thumbnail ~1600px wide (or original if smaller),https://commons.wikimedia.org/wiki/File:A_Part_Of_Cu_Chi_Tunnels.jpg,https://upload.wikimedia.org/wikipedia/commons/9/96/A_Part_Of_Cu_Chi_Tunnels.jpg?utm_source=commons.wikimedia.org&utm_campaign=imageinfo&utm_content=original,CC BY-SA 4.0,MinhVN123,A Part Of Cu Chi Tunnels,downloaded
025_Cu Chi Tunnels (32167415028).jpg,Cu Chi Tunnels (32167415028).jpg,5472,3648,Wikimedia thumbnail ~1600px wide (or original if smaller),https://commons.wikimedia.org/wiki/File:Cu_Chi_Tunnels_(32167415028).jpg,https://upload.wikimedia.org/wikipedia/commons/1/15/Cu_Chi_Tunnels_%2832167415028%29.jpg?utm_source=commons.wikimedia.org&utm_campaign=imageinfo&utm_content=original,CC BY-SA 2.0,Isabell Schulz,Cu Chi Tunnels,downloaded
026_Cu Chi Tunnels (32167424308).jpg,Cu Chi Tunnels (32167424308).jpg,5472,3648,Wikimedia thumbnail ~1600px wide (or original if smaller),https://commons.wikimedia.org/wiki/File:Cu_Chi_Tunnels_(32167424308).jpg,https://upload.wikimedia.org/wikipedia/commons/f/f5/Cu_Chi_Tunnels_%2832167424308%29.jpg?utm_source=commons.wikimedia.org&utm_campaign=imageinfo&utm_content=original,CC BY-SA 2.0,Isabell Schulz,Cu Chi Tunnels,downloaded
027_Cu Chi Tunnels (45126487245).jpg,Cu Chi Tunnels (45126487245).jpg,5472,3648,Wikimedia thumbnail ~1600px wide (or original if smaller),https://commons.wikimedia.org/wiki/File:Cu_Chi_Tunnels_(45126487245).jpg,https://upload.wikimedia.org/wikipedia/commons/b/bb/Cu_Chi_Tunnels_%2845126487245%29.jpg?utm_source=commons.wikimedia.org&utm_campaign=imageinfo&utm_content=original,CC BY-SA 2.0,Isabell Schulz,Cu Chi Tunnels,downloaded
028_Cu Chi Tunnels (45126511455).jpg,Cu Chi Tunnels (45126511455).jpg,5472,3648,Wikimedia thumbnail ~1600px wide (or original if smaller),https://commons.wikimedia.org/wiki/File:Cu_Chi_Tunnels_(45126511455).jpg,https://upload.wikimedia.org/wikipedia/commons/3/32/Cu_Chi_Tunnels_%2845126511455%29.jpg?utm_source=commons.wikimedia.org&utm_campaign=imageinfo&utm_content=original,CC BY-SA 2.0,Isabell Schulz,Cu Chi Tunnels,downloaded
029_Cu Chi Tunnel trap.jpg,Cu Chi Tunnel trap.JPG,5184,3456,Wikimedia thumbnail ~1600px wide (or original if smaller),https://commons.wikimedia.org/wiki/File:Cu_Chi_Tunnel_trap.JPG,https://upload.wikimedia.org/wikipedia/commons/3/3d/Cu_Chi_Tunnel_trap.JPG?utm_source=commons.wikimedia.org&utm_campaign=imageinfo&utm_content=original,CC BY-SA 4.0,Mkckim,​古芝地道內展示的陷阱,downloaded
030_W Củ Chi Địa đạo Củ Chi 5.jpg,W Củ Chi Địa đạo Củ Chi 5.JPG,5184,3456,Wikimedia thumbnail ~1600px wide (or original if smaller),https://commons.wikimedia.org/wiki/File:W_C%E1%BB%A7_Chi_%C4%90%E1%BB%8Ba_%C4%91%E1%BA%A1o_C%E1%BB%A7_Chi_5.JPG,https://upload.wikimedia.org/wikipedia/commons/6/61/W_C%E1%BB%A7_Chi_%C4%90%E1%BB%8Ba_%C4%91%E1%BA%A1o_C%E1%BB%A7_Chi_5.JPG?utm_source=commons.wikimedia.org&utm_campaign=imageinfo&utm_content=original,Public domain,Phương Huy ( thảo luận ),W Củ Chi Địa đạo Củ Chi 5,downloaded
031_W Củ Chi Địa đạo Củ Chi ngụy trang 1.jpg,W Củ Chi Địa đạo Củ Chi ngụy trang 1.JPG,5184,3456,Wikimedia thumbnail ~1600px wide (or original if smaller),https://commons.wikimedia.org/wiki/File:W_C%E1%BB%A7_Chi_%C4%90%E1%BB%8Ba_%C4%91%E1%BA%A1o_C%E1%BB%A7_Chi_ng%E1%BB%A5y_trang_1.JPG,https://upload.wikimedia.org/wikipedia/commons/3/3b/W_C%E1%BB%A7_Chi_%C4%90%E1%BB%8Ba_%C4%91%E1%BA%A1o_C%E1%BB%A7_Chi_ng%E1%BB%A5y_trang_1.JPG?utm_source=commons.wikimedia.org&utm_campaign=imageinfo&utm_content=original,Public domain,Phương Huy ( thảo luận ),Địa đạo Củ Chi,downloaded
032_W Củ Chi Địa đạo Củ Chi ngụy trang 2.jpg,W Củ Chi Địa đạo Củ Chi ngụy trang 2.JPG,5184,3456,Wikimedia thumbnail ~1600px wide (or original if smaller),https://commons.wikimedia.org/wiki/File:W_C%E1%BB%A7_Chi_%C4%90%E1%BB%8Ba_%C4%91%E1%BA%A1o_C%E1%BB%A7_Chi_ng%E1%BB%A5y_trang_2.JPG,https://upload.wikimedia.org/wikipedia/commons/1/14/W_C%E1%BB%A7_Chi_%C4%90%E1%BB%8Ba_%C4%91%E1%BA%A1o_C%E1%BB%A7_Chi_ng%E1%BB%A5y_trang_2.JPG?utm_source=commons.wikimedia.org&utm_campaign=imageinfo&utm_content=original,Public domain,Phương Huy ( thảo luận ),Địa đạo Củ Chi,downloaded
033_W Củ Chi Địa đạo Củ Chi ngụy trang 3.jpg,W Củ Chi Địa đạo Củ Chi ngụy trang 3.JPG,5184,3456,Wikimedia thumbnail ~1600px wide (or original if smaller),https://commons.wikimedia.org/wiki/File:W_C%E1%BB%A7_Chi_%C4%90%E1%BB%8Ba_%C4%91%E1%BA%A1o_C%E1%BB%A7_Chi_ng%E1%BB%A5y_trang_3.JPG,https://upload.wikimedia.org/wikipedia/commons/c/c7/W_C%E1%BB%A7_Chi_%C4%90%E1%BB%8Ba_%C4%91%E1%BA%A1o_C%E1%BB%A7_Chi_ng%E1%BB%A5y_trang_3.JPG?utm_source=commons.wikimedia.org&utm_campaign=imageinfo&utm_content=original,Public domain,Phương Huy ( thảo luận ),W Củ Chi Địa đạo Củ Chi ngụy trang 3,downloaded
034_W Củ Chi Địa đạo Củ Chi ngụy trang.jpg,W Củ Chi Địa đạo Củ Chi ngụy trang.JPG,5184,3456,Wikimedia thumbnail ~1600px wide (or original if smaller),https://commons.wikimedia.org/wiki/File:W_C%E1%BB%A7_Chi_%C4%90%E1%BB%8Ba_%C4%91%E1%BA%A1o_C%E1%BB%A7_Chi_ng%E1%BB%A5y_trang.JPG,https://upload.wikimedia.org/wikipedia/commons/0/00/W_C%E1%BB%A7_Chi_%C4%90%E1%BB%8Ba_%C4%91%E1%BA%A1o_C%E1%BB%A7_Chi_ng%E1%BB%A5y_trang.JPG?utm_source=commons.wikimedia.org&utm_campaign=imageinfo&utm_content=original,Public domain,Phương Huy ( thảo luận ),W Củ Chi Địa đạo Củ Chi ngụy trang,downloaded
035_W Củ Chi Địa đạo Củ Chi x.jpg,W Củ Chi Địa đạo Củ Chi x.JPG,5184,3456,Wikimedia thumbnail ~1600px wide (or original if smaller),https://commons.wikimedia.org/wiki/File:W_C%E1%BB%A7_Chi_%C4%90%E1%BB%8Ba_%C4%91%E1%BA%A1o_C%E1%BB%A7_Chi_x.JPG,https://upload.wikimedia.org/wikipedia/commons/2/21/W_C%E1%BB%A7_Chi_%C4%90%E1%BB%8Ba_%C4%91%E1%BA%A1o_C%E1%BB%A7_Chi_x.JPG?utm_source=commons.wikimedia.org&utm_campaign=imageinfo&utm_content=original,Public domain,Phương Huy ( thảo luận ),W Củ Chi Địa đạo Củ Chi x,downloaded
036_W Củ Chi Địa đạo Củ Chi Đường vào địa đạo Củ Chi.jpg,W Củ Chi Địa đạo Củ Chi Đường vào địa đạo Củ Chi.JPG,5184,3456,Wikimedia thumbnail ~1600px wide (or original if smaller),https://commons.wikimedia.org/wiki/File:W_C%E1%BB%A7_Chi_%C4%90%E1%BB%8Ba_%C4%91%E1%BA%A1o_C%E1%BB%A7_Chi_%C4%90%C6%B0%E1%BB%9Dng_v%C3%A0o_%C4%91%E1%BB%8Ba_%C4%91%E1%BA%A1o_C%E1%BB%A7_Chi.JPG,https://upload.wikimedia.org/wikipedia/commons/5/54/W_C%E1%BB%A7_Chi_%C4%90%E1%BB%8Ba_%C4%91%E1%BA%A1o_C%E1%BB%A7_Chi_%C4%90%C6%B0%E1%BB%9Dng_v%C3%A0o_%C4%91%E1%BB%8Ba_%C4%91%E1%BA%A1o_C%E1%BB%A7_Chi.JPG?utm_source=commons.wikimedia.org&utm_campaign=imageinfo&utm_content=original,Public domain,Phương Huy ( thảo luận ),Hìn tự chụp bằng máy ảnh kỹ thuật số về đường vào địa đạo Củ Chi (đường lộ bên ngoài),downloaded
037_Cu Chi tunnels_ Ho Chi Minh City (49009289878).jpg,"Cu Chi tunnels, Ho Chi Minh City (49009289878).jpg",4928,3264,Wikimedia thumbnail ~1600px wide (or original if smaller),"https://commons.wikimedia.org/wiki/File:Cu_Chi_tunnels,_Ho_Chi_Minh_City_(49009289878).jpg",https://upload.wikimedia.org/wikipedia/commons/0/07/Cu_Chi_tunnels%2C_Ho_Chi_Minh_City_%2849009289878%29.jpg?utm_source=commons.wikimedia.org&utm_campaign=imageinfo&utm_content=original,CC BY 2.0,Nick,"Cu Chi tunnels, Ho Chi Minh City",downloaded
038_Cu Chi original tunnel.jpg,Cu Chi original tunnel.jpg,4912,3264,Wikimedia thumbnail ~1600px wide (or original if smaller),https://commons.wikimedia.org/wiki/File:Cu_Chi_original_tunnel.jpg,https://upload.wikimedia.org/wikipedia/commons/8/83/Cu_Chi_original_tunnel.jpg?utm_source=commons.wikimedia.org&utm_campaign=imageinfo&utm_content=original,CC BY-SA 3.0,Matthew Blissett,"Part of an original tunnel at Cu Chi, unchanged except a chemical (petrol, according to the tour guide, although it didn't smell like it) is sprayed inside to kill insects. There is a bat hanging from the roof of the tunnel.",downloaded
039_Cu Chi Viet Cong Tunnels (10037503765).jpg,Cu Chi Viet Cong Tunnels (10037503765).jpg,4752,3168,Wikimedia thumbnail ~1600px wide (or original if smaller),https://commons.wikimedia.org/wiki/File:Cu_Chi_Viet_Cong_Tunnels_(10037503765).jpg,https://upload.wikimedia.org/wikipedia/commons/d/da/Cu_Chi_Viet_Cong_Tunnels_%2810037503765%29.jpg?utm_source=commons.wikimedia.org&utm_campaign=imageinfo&utm_content=original,CC0,"Gary Todd from Xinzheng, China","Major NLF operations area during American war, near Saigon. Complete indexed photo collection at WorldHistoryPics.com.",downloaded
040_Cu Chi Viet Cong Tunnels (10037503945).jpg,Cu Chi Viet Cong Tunnels (10037503945).jpg,4752,3168,Wikimedia thumbnail ~1600px wide (or original if smaller),https://commons.wikimedia.org/wiki/File:Cu_Chi_Viet_Cong_Tunnels_(10037503945).jpg,https://upload.wikimedia.org/wikipedia/commons/4/48/Cu_Chi_Viet_Cong_Tunnels_%2810037503945%29.jpg?utm_source=commons.wikimedia.org&utm_campaign=imageinfo&utm_content=original,CC0,"Gary Todd from Xinzheng, China","Major NLF operations area during American war, near Saigon. Complete indexed photo collection at WorldHistoryPics.com.",downloaded
041_Cu Chi Viet Cong Tunnels (10037509215).jpg,Cu Chi Viet Cong Tunnels (10037509215).jpg,4752,3168,Wikimedia thumbnail ~1600px wide (or original if smaller),https://commons.wikimedia.org/wiki/File:Cu_Chi_Viet_Cong_Tunnels_(10037509215).jpg,https://upload.wikimedia.org/wikipedia/commons/8/80/Cu_Chi_Viet_Cong_Tunnels_%2810037509215%29.jpg?utm_source=commons.wikimedia.org&utm_campaign=imageinfo&utm_content=original,CC0,"Gary Todd from Xinzheng, China","Major NLF operations area during American war, near Saigon. Complete indexed photo collection at WorldHistoryPics.com.",downloaded
042_Cu Chi Viet Cong Tunnels (10037521985).jpg,Cu Chi Viet Cong Tunnels (10037521985).jpg,4752,3168,Wikimedia thumbnail ~1600px wide (or original if smaller),https://commons.wikimedia.org/wiki/File:Cu_Chi_Viet_Cong_Tunnels_(10037521985).jpg,https://upload.wikimedia.org/wikipedia/commons/9/95/Cu_Chi_Viet_Cong_Tunnels_%2810037521985%29.jpg?utm_source=commons.wikimedia.org&utm_campaign=imageinfo&utm_content=original,CC0,"Gary Todd from Xinzheng, China","Major NLF operations area during American war, near Saigon. Complete indexed photo collection at WorldHistoryPics.com.",downloaded
043_Cu Chi Viet Cong Tunnels (10037522475).jpg,Cu Chi Viet Cong Tunnels (10037522475).jpg,4752,3168,Wikimedia thumbnail ~1600px wide (or original if smaller),https://commons.wikimedia.org/wiki/File:Cu_Chi_Viet_Cong_Tunnels_(10037522475).jpg,https://upload.wikimedia.org/wikipedia/commons/9/90/Cu_Chi_Viet_Cong_Tunnels_%2810037522475%29.jpg?utm_source=commons.wikimedia.org&utm_campaign=imageinfo&utm_content=original,CC0,"Gary Todd from Xinzheng, China","Major NLF operations area during American war, near Saigon. Complete indexed photo collection at WorldHistoryPics.com.",downloaded
044_Cu Chi Viet Cong Tunnels (10037524445).jpg,Cu Chi Viet Cong Tunnels (10037524445).jpg,4752,3168,Wikimedia thumbnail ~1600px wide (or original if smaller),https://commons.wikimedia.org/wiki/File:Cu_Chi_Viet_Cong_Tunnels_(10037524445).jpg,https://upload.wikimedia.org/wikipedia/commons/c/cf/Cu_Chi_Viet_Cong_Tunnels_%2810037524445%29.jpg?utm_source=commons.wikimedia.org&utm_campaign=imageinfo&utm_content=original,CC0,"Gary Todd from Xinzheng, China","Major NLF operations area during American war, near Saigon. Complete indexed photo collection at WorldHistoryPics.com.",downloaded
045_Cu Chi Viet Cong Tunnels (10037524835).jpg,Cu Chi Viet Cong Tunnels (10037524835).jpg,3168,4752,Wikimedia thumbnail ~1600px wide (or original if smaller),https://commons.wikimedia.org/wiki/File:Cu_Chi_Viet_Cong_Tunnels_(10037524835).jpg,https://upload.wikimedia.org/wikipedia/commons/1/18/Cu_Chi_Viet_Cong_Tunnels_%2810037524835%29.jpg?utm_source=commons.wikimedia.org&utm_campaign=imageinfo&utm_content=original,CC0,"Gary Todd from Xinzheng, China","Major NLF operations area during American war, near Saigon. Complete indexed photo collection at WorldHistoryPics.com.",downloaded
046_Cu Chi Viet Cong Tunnels (10037525656).jpg,Cu Chi Viet Cong Tunnels (10037525656).jpg,4752,3168,Wikimedia thumbnail ~1600px wide (or original if smaller),https://commons.wikimedia.org/wiki/File:Cu_Chi_Viet_Cong_Tunnels_(10037525656).jpg,https://upload.wikimedia.org/wikipedia/commons/7/79/Cu_Chi_Viet_Cong_Tunnels_%2810037525656%29.jpg?utm_source=commons.wikimedia.org&utm_campaign=imageinfo&utm_content=original,CC0,"Gary Todd from Xinzheng, China","Major NLF operations area during American war, near Saigon. Complete indexed photo collection at WorldHistoryPics.com.",downloaded
047_Cu Chi Viet Cong Tunnels (10037527296).jpg,Cu Chi Viet Cong Tunnels (10037527296).jpg,3168,4752,Wikimedia thumbnail ~1600px wide (or original if smaller),https://commons.wikimedia.org/wiki/File:Cu_Chi_Viet_Cong_Tunnels_(10037527296).jpg,https://upload.wikimedia.org/wikipedia/commons/c/cd/Cu_Chi_Viet_Cong_Tunnels_%2810037527296%29.jpg?utm_source=commons.wikimedia.org&utm_campaign=imageinfo&utm_content=original,CC0,"Gary Todd from Xinzheng, China","Major NLF operations area during American war, near Saigon. Complete indexed photo collection at WorldHistoryPics.com.",downloaded
048_Cu Chi Viet Cong Tunnels (10037533016).jpg,Cu Chi Viet Cong Tunnels (10037533016).jpg,4752,3168,Wikimedia thumbnail ~1600px wide (or original if smaller),https://commons.wikimedia.org/wiki/File:Cu_Chi_Viet_Cong_Tunnels_(10037533016).jpg,https://upload.wikimedia.org/wikipedia/commons/2/26/Cu_Chi_Viet_Cong_Tunnels_%2810037533016%29.jpg?utm_source=commons.wikimedia.org&utm_campaign=imageinfo&utm_content=original,CC0,"Gary Todd from Xinzheng, China","Major NLF operations area during American war, near Saigon. Complete indexed photo collection at WorldHistoryPics.com.",downloaded
049_Cu Chi Viet Cong Tunnels (10037536216).jpg,Cu Chi Viet Cong Tunnels (10037536216).jpg,4752,3168,Wikimedia thumbnail ~1600px wide (or original if smaller),https://commons.wikimedia.org/wiki/File:Cu_Chi_Viet_Cong_Tunnels_(10037536216).jpg,https://upload.wikimedia.org/wikipedia/commons/5/50/Cu_Chi_Viet_Cong_Tunnels_%2810037536216%29.jpg?utm_source=commons.wikimedia.org&utm_campaign=imageinfo&utm_content=original,CC0,"Gary Todd from Xinzheng, China","Major NLF operations area during American war, near Saigon. Complete indexed photo collection at WorldHistoryPics.com.",downloaded
050_Cu Chi Viet Cong Tunnels (10037544846).jpg,Cu Chi Viet Cong Tunnels (10037544846).jpg,4752,3168,Wikimedia thumbnail ~1600px wide (or original if smaller),https://commons.wikimedia.org/wiki/File:Cu_Chi_Viet_Cong_Tunnels_(10037544846).jpg,https://upload.wikimedia.org/wikipedia/commons/9/9b/Cu_Chi_Viet_Cong_Tunnels_%2810037544846%29.jpg?utm_source=commons.wikimedia.org&utm_campaign=imageinfo&utm_content=original,CC0,"Gary Todd from Xinzheng, China","Major NLF operations area during American war, near Saigon. Complete indexed photo collection at WorldHistoryPics.com.",downloaded
051_Cu Chi Viet Cong Tunnels (10037548566).jpg,Cu Chi Viet Cong Tunnels (10037548566).jpg,4752,3168,Wikimedia thumbnail ~1600px wide (or original if smaller),https://commons.wikimedia.org/wiki/File:Cu_Chi_Viet_Cong_Tunnels_(10037548566).jpg,https://upload.wikimedia.org/wikipedia/commons/1/13/Cu_Chi_Viet_Cong_Tunnels_%2810037548566%29.jpg?utm_source=commons.wikimedia.org&utm_campaign=imageinfo&utm_content=original,CC0,"Gary Todd from Xinzheng, China","Major NLF operations area during American war, near Saigon. Complete indexed photo collection at WorldHistoryPics.com.",downloaded
052_Cu Chi Viet Cong Tunnels (10037594653).jpg,Cu Chi Viet Cong Tunnels (10037594653).jpg,4752,3168,Wikimedia thumbnail ~1600px wide (or original if smaller),https://commons.wikimedia.org/wiki/File:Cu_Chi_Viet_Cong_Tunnels_(10037594653).jpg,https://upload.wikimedia.org/wikipedia/commons/a/a2/Cu_Chi_Viet_Cong_Tunnels_%2810037594653%29.jpg?utm_source=commons.wikimedia.org&utm_campaign=imageinfo&utm_content=original,CC0,"Gary Todd from Xinzheng, China","Major NLF operations area during American war, near Saigon. Complete indexed photo collection at WorldHistoryPics.com.",downloaded
053_Cu Chi Viet Cong Tunnels (10037599543).jpg,Cu Chi Viet Cong Tunnels (10037599543).jpg,3168,4752,Wikimedia thumbnail ~1600px wide (or original if smaller),https://commons.wikimedia.org/wiki/File:Cu_Chi_Viet_Cong_Tunnels_(10037599543).jpg,https://upload.wikimedia.org/wikipedia/commons/e/ed/Cu_Chi_Viet_Cong_Tunnels_%2810037599543%29.jpg?utm_source=commons.wikimedia.org&utm_campaign=imageinfo&utm_content=original,CC0,"Gary Todd from Xinzheng, China","Major NLF operations area during American war, near Saigon. Complete indexed photo collection at WorldHistoryPics.com.",downloaded
054_Cu Chi Viet Cong Tunnels (10037611453).jpg,Cu Chi Viet Cong Tunnels (10037611453).jpg,4752,3168,Wikimedia thumbnail ~1600px wide (or original if smaller),https://commons.wikimedia.org/wiki/File:Cu_Chi_Viet_Cong_Tunnels_(10037611453).jpg,https://upload.wikimedia.org/wikipedia/commons/6/64/Cu_Chi_Viet_Cong_Tunnels_%2810037611453%29.jpg?utm_source=commons.wikimedia.org&utm_campaign=imageinfo&utm_content=original,CC0,"Gary Todd from Xinzheng, China","Major NLF operations area during American war, near Saigon. Complete indexed photo collection at WorldHistoryPics.com.",downloaded
055_Cu Chi Viet Cong Tunnels (10037618313).jpg,Cu Chi Viet Cong Tunnels (10037618313).jpg,3168,4752,Wikimedia thumbnail ~1600px wide (or original if smaller),https://commons.wikimedia.org/wiki/File:Cu_Chi_Viet_Cong_Tunnels_(10037618313).jpg,https://upload.wikimedia.org/wikipedia/commons/3/36/Cu_Chi_Viet_Cong_Tunnels_%2810037618313%29.jpg?utm_source=commons.wikimedia.org&utm_campaign=imageinfo&utm_content=original,CC0,"Gary Todd from Xinzheng, China","Major NLF operations area during American war, near Saigon. Complete indexed photo collection at WorldHistoryPics.com.",downloaded
056_Rừng cây trong địa đạo Củ Chi.jpg,Rừng cây trong địa đạo Củ Chi.jpg,3120,4160,Wikimedia thumbnail ~1600px wide (or original if smaller),https://commons.wikimedia.org/wiki/File:R%E1%BB%ABng_c%C3%A2y_trong_%C4%91%E1%BB%8Ba_%C4%91%E1%BA%A1o_C%E1%BB%A7_Chi.jpg,https://upload.wikimedia.org/wikipedia/commons/c/c5/R%E1%BB%ABng_c%C3%A2y_trong_%C4%91%E1%BB%8Ba_%C4%91%E1%BA%A1o_C%E1%BB%A7_Chi.jpg?utm_source=commons.wikimedia.org&utm_campaign=imageinfo&utm_content=original,Public domain,Phương Huy ( thảo luận ),"Hình tự chụp bằng di động về rừng cây trong địa đạo Củ Chi, nằm trong loạt ảnh về Củ Chi",downloaded
057_Air hole to underground tunnel in Cu Chi.jpg,Air hole to underground tunnel in Cu Chi.jpg,3024,4032,Wikimedia thumbnail ~1600px wide (or original if smaller),https://commons.wikimedia.org/wiki/File:Air_hole_to_underground_tunnel_in_Cu_Chi.jpg,https://upload.wikimedia.org/wikipedia/commons/0/08/Air_hole_to_underground_tunnel_in_Cu_Chi.jpg?utm_source=commons.wikimedia.org&utm_campaign=imageinfo&utm_content=original,CC BY 4.0,Ganesh Dhamodkar,Air hole to underground tunnel in Cu Chi,downloaded
058_Battle trench at Cu Chi Vietnam.jpg,Battle trench at Cu Chi Vietnam.jpg,3024,4032,Wikimedia thumbnail ~1600px wide (or original if smaller),https://commons.wikimedia.org/wiki/File:Battle_trench_at_Cu_Chi_Vietnam.jpg,https://upload.wikimedia.org/wikipedia/commons/7/7c/Battle_trench_at_Cu_Chi_Vietnam.jpg?utm_source=commons.wikimedia.org&utm_campaign=imageinfo&utm_content=original,CC BY 4.0,Ganesh Dhamodkar,Battle trench at Cu Chi Vietnam,downloaded
059_Forest at Cu Chi.jpg,Forest at Cu Chi.jpg,4032,3024,Wikimedia thumbnail ~1600px wide (or original if smaller),https://commons.wikimedia.org/wiki/File:Forest_at_Cu_Chi.jpg,https://upload.wikimedia.org/wikipedia/commons/e/e0/Forest_at_Cu_Chi.jpg?utm_source=commons.wikimedia.org&utm_campaign=imageinfo&utm_content=original,CC BY 4.0,Ganesh Dhamodkar,Forest at Cu Chi,downloaded
060_Củ Chi tunnels entrance.jpg,Củ Chi tunnels entrance.JPG,4272,2848,Wikimedia thumbnail ~1600px wide (or original if smaller),https://commons.wikimedia.org/wiki/File:C%E1%BB%A7_Chi_tunnels_entrance.JPG,https://upload.wikimedia.org/wikipedia/commons/1/14/C%E1%BB%A7_Chi_tunnels_entrance.JPG?utm_source=commons.wikimedia.org&utm_campaign=imageinfo&utm_content=original,CC BY-SA 3.0 nl,Lars Curfs ( Grashoofd ),Củ Chi tunnels entrance sign.,downloaded
061_BS guide at for the Cu Chi tunnel tour. (12110638686).jpg,BS guide at for the Cu Chi tunnel tour. (12110638686).jpg,4608,2592,Wikimedia thumbnail ~1600px wide (or original if smaller),https://commons.wikimedia.org/wiki/File:BS_guide_at_for_the_Cu_Chi_tunnel_tour._(12110638686).jpg,https://upload.wikimedia.org/wikipedia/commons/6/62/BS_guide_at_for_the_Cu_Chi_tunnel_tour._%2812110638686%29.jpg?utm_source=commons.wikimedia.org&utm_campaign=imageinfo&utm_content=original,CC BY-SA 2.0,Clay Gilliland,BS guide at for the Cu Chi tunnel tour.,downloaded
062_PA200827 (12109983915).jpg,PA200827 (12109983915).jpg,2592,4608,Wikimedia thumbnail ~1600px wide (or original if smaller),https://commons.wikimedia.org/wiki/File:PA200827_(12109983915).jpg,https://upload.wikimedia.org/wikipedia/commons/f/f3/PA200827_%2812109983915%29.jpg?utm_source=commons.wikimedia.org&utm_campaign=imageinfo&utm_content=original,CC BY-SA 2.0,Clay Gilliland,PA200827,downloaded
063_PA200835 (12110633156).jpg,PA200835 (12110633156).jpg,4608,2592,Wikimedia thumbnail ~1600px wide (or original if smaller),https://commons.wikimedia.org/wiki/File:PA200835_(12110633156).jpg,https://upload.wikimedia.org/wikipedia/commons/1/1a/PA200835_%2812110633156%29.jpg?utm_source=commons.wikimedia.org&utm_campaign=imageinfo&utm_content=original,CC BY-SA 2.0,Clay Gilliland,PA200835,downloaded
064_PA200843 (12110319764).jpg,PA200843 (12110319764).jpg,4608,2592,Wikimedia thumbnail ~1600px wide (or original if smaller),https://commons.wikimedia.org/wiki/File:PA200843_(12110319764).jpg,https://upload.wikimedia.org/wikipedia/commons/7/72/PA200843_%2812110319764%29.jpg?utm_source=commons.wikimedia.org&utm_campaign=imageinfo&utm_content=original,CC BY-SA 2.0,Clay Gilliland,PA200843,downloaded
065_PA200847 (12110591006).jpg,PA200847 (12110591006).jpg,4608,2592,Wikimedia thumbnail ~1600px wide (or original if smaller),https://commons.wikimedia.org/wiki/File:PA200847_(12110591006).jpg,https://upload.wikimedia.org/wikipedia/commons/3/36/PA200847_%2812110591006%29.jpg?utm_source=commons.wikimedia.org&utm_campaign=imageinfo&utm_content=original,CC BY-SA 2.0,Clay Gilliland,PA200847,downloaded
066_Hoang Cam cooker.jpg,Hoang Cam cooker.jpg,3648,2736,Wikimedia thumbnail ~1600px wide (or original if smaller),https://commons.wikimedia.org/wiki/File:Hoang_Cam_cooker.jpg,https://upload.wikimedia.org/wikipedia/commons/b/b6/Hoang_Cam_cooker.jpg?utm_source=commons.wikimedia.org&utm_campaign=imageinfo&utm_content=original,CC BY-SA 3.0,Liftold at Vietnamese Wikipedia,Apparatus to cook from Vietnam. See Hoang Cam Stove,downloaded
067_Another of the tunnel entrances which have been widened for tourists (31759111950).jpg,Another of the tunnel entrances which have been widened for tourists (31759111950).jpg,4128,2322,Wikimedia thumbnail ~1600px wide (or original if smaller),https://commons.wikimedia.org/wiki/File:Another_of_the_tunnel_entrances_which_have_been_widened_for_tourists_(31759111950).jpg,https://upload.wikimedia.org/wikipedia/commons/3/3a/Another_of_the_tunnel_entrances_which_have_been_widened_for_tourists_%2831759111950%29.jpg?utm_source=commons.wikimedia.org&utm_campaign=imageinfo&utm_content=original,CC BY 2.0,"shankar s. from Dubai, united arab emirates","Our tour of the Cu Chi tunnels is practically over now. As we exit, we pass another of those rat hole tunnels whose entrance has been widened for tourists. The real rat hole will be to your left as you descend into the ditch. I cannot remember about that little dial or gauge of some sort, the lower end of which is visible at the far end. We merely walked past this hole and so this shot is taken as I walked past. (Cu Chi Tunnels, Saigon/ HCM, Vietnam, Nov. 2016)",downloaded
068_Cu Chi Tunnel 2.jpg,Cu Chi Tunnel 2.jpg,2268,4032,Wikimedia thumbnail ~1600px wide (or original if smaller),https://commons.wikimedia.org/wiki/File:Cu_Chi_Tunnel_2.jpg,https://upload.wikimedia.org/wikipedia/commons/8/88/Cu_Chi_Tunnel_2.jpg?utm_source=commons.wikimedia.org&utm_campaign=imageinfo&utm_content=original,CC BY-SA 4.0,Andre Hospers,Cu Chi Tunnel,downloaded
069_Cu Chi Tunnel 3.jpg,Cu Chi Tunnel 3.jpg,2268,4032,Wikimedia thumbnail ~1600px wide (or original if smaller),https://commons.wikimedia.org/wiki/File:Cu_Chi_Tunnel_3.jpg,https://upload.wikimedia.org/wikipedia/commons/4/48/Cu_Chi_Tunnel_3.jpg?utm_source=commons.wikimedia.org&utm_campaign=imageinfo&utm_content=original,CC BY-SA 4.0,Andre Hospers,Cu Chi Tunnel,downloaded
070_Cu Chi Tunnels Vietnam war 2.jpg,Cu Chi Tunnels Vietnam war 2.jpg,4032,2268,Wikimedia thumbnail ~1600px wide (or original if smaller),https://commons.wikimedia.org/wiki/File:Cu_Chi_Tunnels_Vietnam_war_2.jpg,https://upload.wikimedia.org/wikipedia/commons/3/31/Cu_Chi_Tunnels_Vietnam_war_2.jpg?utm_source=commons.wikimedia.org&utm_campaign=imageinfo&utm_content=original,CC BY-SA 4.0,Andre Hospers,Cu Chi Tunnels Vietnam war,downloaded
071_Cu Chi Tunnels Vietnam war 3.jpg,Cu Chi Tunnels Vietnam war 3.jpg,2268,4032,Wikimedia thumbnail ~1600px wide (or original if smaller),https://commons.wikimedia.org/wiki/File:Cu_Chi_Tunnels_Vietnam_war_3.jpg,https://upload.wikimedia.org/wikipedia/commons/f/f3/Cu_Chi_Tunnels_Vietnam_war_3.jpg?utm_source=commons.wikimedia.org&utm_campaign=imageinfo&utm_content=original,CC BY-SA 4.0,Andre Hospers,Cu Chi Tunnels Vietnam war,downloaded
072_Cu Chi Tunnels Vietnam war 4.jpg,Cu Chi Tunnels Vietnam war 4.jpg,4032,2268,Wikimedia thumbnail ~1600px wide (or original if smaller),https://commons.wikimedia.org/wiki/File:Cu_Chi_Tunnels_Vietnam_war_4.jpg,https://upload.wikimedia.org/wikipedia/commons/1/1f/Cu_Chi_Tunnels_Vietnam_war_4.jpg?utm_source=commons.wikimedia.org&utm_campaign=imageinfo&utm_content=original,CC BY-SA 4.0,Andre Hospers,Cu Chi Tunnels Vietnam war,downloaded
073_Cu Chi Tunnels Vietnam war 5.jpg,Cu Chi Tunnels Vietnam war 5.jpg,2268,4032,Wikimedia thumbnail ~1600px wide (or original if smaller),https://commons.wikimedia.org/wiki/File:Cu_Chi_Tunnels_Vietnam_war_5.jpg,https://upload.wikimedia.org/wikipedia/commons/6/64/Cu_Chi_Tunnels_Vietnam_war_5.jpg?utm_source=commons.wikimedia.org&utm_campaign=imageinfo&utm_content=original,CC BY-SA 4.0,Andre Hospers,Cu Chi Tunnels Vietnam war,downloaded
074_Cu Chi Tunnels Vietnam war 7.jpg,Cu Chi Tunnels Vietnam war 7.jpg,2268,4032,Wikimedia thumbnail ~1600px wide (or original if smaller),https://commons.wikimedia.org/wiki/File:Cu_Chi_Tunnels_Vietnam_war_7.jpg,https://upload.wikimedia.org/wikipedia/commons/2/2a/Cu_Chi_Tunnels_Vietnam_war_7.jpg?utm_source=commons.wikimedia.org&utm_campaign=imageinfo&utm_content=original,CC BY-SA 4.0,Andre Hospers,Cu Chi Tunnels Vietnam war,downloaded
075_Cu Chi Tunnels Vietnam war.jpg,Cu Chi Tunnels Vietnam war.jpg,4032,2268,Wikimedia thumbnail ~1600px wide (or original if smaller),https://commons.wikimedia.org/wiki/File:Cu_Chi_Tunnels_Vietnam_war.jpg,https://upload.wikimedia.org/wikipedia/commons/c/c8/Cu_Chi_Tunnels_Vietnam_war.jpg?utm_source=commons.wikimedia.org&utm_campaign=imageinfo&utm_content=original,CC BY-SA 4.0,Andre Hospers,Cu Chi Tunnels Vietnam war,downloaded
076_Ekskurso al la Củ-Chi-tuneloj 01.jpg,Ekskurso al la Củ-Chi-tuneloj 01.jpg,3072,2304,Wikimedia thumbnail ~1600px wide (or original if smaller),https://commons.wikimedia.org/wiki/File:Ekskurso_al_la_C%E1%BB%A7-Chi-tuneloj_01.jpg,https://upload.wikimedia.org/wikipedia/commons/f/f4/Ekskurso_al_la_C%E1%BB%A7-Chi-tuneloj_01.jpg?utm_source=commons.wikimedia.org&utm_campaign=imageinfo&utm_content=original,CC BY-SA 4.0,RG72,"Ekskurso al la Củ-Chi-tuneloj, Vjetnamio.",downloaded
077_Ekskurso al la Củ-Chi-tuneloj 04.jpg,Ekskurso al la Củ-Chi-tuneloj 04.jpg,3072,2304,Wikimedia thumbnail ~1600px wide (or original if smaller),https://commons.wikimedia.org/wiki/File:Ekskurso_al_la_C%E1%BB%A7-Chi-tuneloj_04.jpg,https://upload.wikimedia.org/wikipedia/commons/f/f3/Ekskurso_al_la_C%E1%BB%A7-Chi-tuneloj_04.jpg?utm_source=commons.wikimedia.org&utm_campaign=imageinfo&utm_content=original,CC BY-SA 4.0,RG72,"Ekskurso al la Củ-Chi-tuneloj, Vjetnamio.",downloaded
078_Ekskurso al la Củ-Chi-tuneloj 26.jpg,Ekskurso al la Củ-Chi-tuneloj 26.jpg,3072,2304,Wikimedia thumbnail ~1600px wide (or original if smaller),https://commons.wikimedia.org/wiki/File:Ekskurso_al_la_C%E1%BB%A7-Chi-tuneloj_26.jpg,https://upload.wikimedia.org/wikipedia/commons/b/b9/Ekskurso_al_la_C%E1%BB%A7-Chi-tuneloj_26.jpg?utm_source=commons.wikimedia.org&utm_campaign=imageinfo&utm_content=original,CC BY-SA 4.0,RG72,"Ekskurso al la Củ-Chi-tuneloj, Vjetnamio.",downloaded
079_Enirejo al kaŝita tunelo en la Củ-Chi-tuneloj.jpg,Enirejo al kaŝita tunelo en la Củ-Chi-tuneloj.jpg,2304,3072,Wikimedia thumbnail ~1600px wide (or original if smaller),https://commons.wikimedia.org/wiki/File:Enirejo_al_ka%C5%9Dita_tunelo_en_la_C%E1%BB%A7-Chi-tuneloj.jpg,https://upload.wikimedia.org/wikipedia/commons/a/a6/Enirejo_al_ka%C5%9Dita_tunelo_en_la_C%E1%BB%A7-Chi-tuneloj.jpg?utm_source=commons.wikimedia.org&utm_campaign=imageinfo&utm_content=original,CC BY-SA 4.0,RG72,"Enirejo al kaŝita tunelo en la Củ-Chi-tuneloj, Vjetnamio.",downloaded
080_Enirejo al unu el la Củ-Chi-tuneloj.jpg,Enirejo al unu el la Củ-Chi-tuneloj.jpg,2304,3072,Wikimedia thumbnail ~1600px wide (or original if smaller),https://commons.wikimedia.org/wiki/File:Enirejo_al_unu_el_la_C%E1%BB%A7-Chi-tuneloj.jpg,https://upload.wikimedia.org/wikipedia/commons/f/f1/Enirejo_al_unu_el_la_C%E1%BB%A7-Chi-tuneloj.jpg?utm_source=commons.wikimedia.org&utm_campaign=imageinfo&utm_content=original,CC BY-SA 4.0,RG72,"Enirejo al unu el la Củ-Chi-tuneloj, Vjetnamio.",downloaded
081_Enirejo de vizitebla tunelo en la Củ-Chi-tuneloj 10.jpg,Enirejo de vizitebla tunelo en la Củ-Chi-tuneloj 10.jpg,2304,3072,Wikimedia thumbnail ~1600px wide (or original if smaller),https://commons.wikimedia.org/wiki/File:Enirejo_de_vizitebla_tunelo_en_la_C%E1%BB%A7-Chi-tuneloj_10.jpg,https://upload.wikimedia.org/wikipedia/commons/9/92/Enirejo_de_vizitebla_tunelo_en_la_C%E1%BB%A7-Chi-tuneloj_10.jpg?utm_source=commons.wikimedia.org&utm_campaign=imageinfo&utm_content=original,CC BY-SA 4.0,RG72,"Enirejo de vizitebla tunelo en la Củ-Chi-tuneloj, Vjetnamio.",downloaded
082_Female Guards - Cu Chi Tunnels - VIetnam.jpg,Female Guards - Cu Chi Tunnels - VIetnam.JPG,3072,2304,Wikimedia thumbnail ~1600px wide (or original if smaller),https://commons.wikimedia.org/wiki/File:Female_Guards_-_Cu_Chi_Tunnels_-_VIetnam.JPG,https://upload.wikimedia.org/wikipedia/commons/f/f2/Female_Guards_-_Cu_Chi_Tunnels_-_VIetnam.JPG?utm_source=commons.wikimedia.org&utm_campaign=imageinfo&utm_content=original,CC BY-SA 3.0,Adam Jones Adam63,"Female guards in Vietcong guerrilla garb, Cu Chi Tunnels site, near Ho Chi Minh City, Vietnam. July 2009.",downloaded
083_Guard - Cu Chi Tunnels - Vietnam.jpg,Guard - Cu Chi Tunnels - Vietnam.JPG,2304,3072,Wikimedia thumbnail ~1600px wide (or original if smaller),https://commons.wikimedia.org/wiki/File:Guard_-_Cu_Chi_Tunnels_-_Vietnam.JPG,https://upload.wikimedia.org/wikipedia/commons/3/38/Guard_-_Cu_Chi_Tunnels_-_Vietnam.JPG?utm_source=commons.wikimedia.org&utm_campaign=imageinfo&utm_content=original,CC BY-SA 3.0,Adam Jones Adam63,"Guard at the Cu Chi Tunnels site near Ho Chi Minh City, Vietnam. July 2009.",downloaded
084_Heliko ĉe la Củ-Chi-tuneloj.jpg,Heliko ĉe la Củ-Chi-tuneloj.jpg,2304,3072,Wikimedia thumbnail ~1600px wide (or original if smaller),https://commons.wikimedia.org/wiki/File:Heliko_%C4%89e_la_C%E1%BB%A7-Chi-tuneloj.jpg,https://upload.wikimedia.org/wikipedia/commons/c/ca/Heliko_%C4%89e_la_C%E1%BB%A7-Chi-tuneloj.jpg?utm_source=commons.wikimedia.org&utm_campaign=imageinfo&utm_content=original,CC BY-SA 4.0,RG72,"Heliko ĉe la Củ-Chi-tuneloj, Vjetnamio.",downloaded
085_Kavo estiĝinta pro falo de bombo lasita el bombaviadilo Boeing B-52 en la Củ-Chi-tuneloj 01.jpg,Kavo estiĝinta pro falo de bombo lasita el bombaviadilo Boeing B-52 en la Củ-Chi-tuneloj 01.jpg,2304,3072,Wikimedia thumbnail ~1600px wide (or original if smaller),https://commons.wikimedia.org/wiki/File:Kavo_esti%C4%9Dinta_pro_falo_de_bombo_lasita_el_bombaviadilo_Boeing_B-52_en_la_C%E1%BB%A7-Chi-tuneloj_01.jpg,https://upload.wikimedia.org/wikipedia/commons/2/26/Kavo_esti%C4%9Dinta_pro_falo_de_bombo_lasita_el_bombaviadilo_Boeing_B-52_en_la_C%E1%BB%A7-Chi-tuneloj_01.jpg?utm_source=commons.wikimedia.org&utm_campaign=imageinfo&utm_content=original,CC BY-SA 4.0,RG72,"Kavo estiĝinta pro falo de bombo lasita el bombaviadilo Boeing B-52 en la Củ-Chi-tuneloj, Vjetnamio.",downloaded
086_Kavo estiĝinta pro falo de bombo lasita el bombaviadilo Boeing B-52 en la Củ-Chi-tuneloj.jpg,Kavo estiĝinta pro falo de bombo lasita el bombaviadilo Boeing B-52 en la Củ-Chi-tuneloj.jpg,3072,2304,Wikimedia thumbnail ~1600px wide (or original if smaller),https://commons.wikimedia.org/wiki/File:Kavo_esti%C4%9Dinta_pro_falo_de_bombo_lasita_el_bombaviadilo_Boeing_B-52_en_la_C%E1%BB%A7-Chi-tuneloj.jpg,https://upload.wikimedia.org/wikipedia/commons/6/62/Kavo_esti%C4%9Dinta_pro_falo_de_bombo_lasita_el_bombaviadilo_Boeing_B-52_en_la_C%E1%BB%A7-Chi-tuneloj.jpg?utm_source=commons.wikimedia.org&utm_campaign=imageinfo&utm_content=original,CC BY-SA 4.0,RG72,"Kavo estiĝinta pro falo de bombo lasita el bombaviadilo Boeing B-52 en la Củ-Chi-tuneloj, Vjetnamio.",downloaded
087_Kaŝita aertubo en la Củ-Chi-tuneloj.jpg,Kaŝita aertubo en la Củ-Chi-tuneloj.jpg,2304,3072,Wikimedia thumbnail ~1600px wide (or original if smaller),https://commons.wikimedia.org/wiki/File:Ka%C5%9Dita_aertubo_en_la_C%E1%BB%A7-Chi-tuneloj.jpg,https://upload.wikimedia.org/wikipedia/commons/8/85/Ka%C5%9Dita_aertubo_en_la_C%E1%BB%A7-Chi-tuneloj.jpg?utm_source=commons.wikimedia.org&utm_campaign=imageinfo&utm_content=original,CC BY-SA 4.0,RG72,"Kaŝita aertubo en la Củ-Chi-tuneloj, Vjetnamio.",downloaded
088_Ligna benko ĉe la Củ-Chi-tuneloj.jpg,Ligna benko ĉe la Củ-Chi-tuneloj.jpg,3072,2304,Wikimedia thumbnail ~1600px wide (or original if smaller),https://commons.wikimedia.org/wiki/File:Ligna_benko_%C4%89e_la_C%E1%BB%A7-Chi-tuneloj.jpg,https://upload.wikimedia.org/wikipedia/commons/4/44/Ligna_benko_%C4%89e_la_C%E1%BB%A7-Chi-tuneloj.jpg?utm_source=commons.wikimedia.org&utm_campaign=imageinfo&utm_content=original,CC BY-SA 4.0,RG72,"Ligna benko ĉe la Củ-Chi-tuneloj, Vjetnamio.",downloaded
089_Ligna pordego ĉe pado en la Củ-Chi-tuneloj.jpg,Ligna pordego ĉe pado en la Củ-Chi-tuneloj.jpg,3072,2304,Wikimedia thumbnail ~1600px wide (or original if smaller),https://commons.wikimedia.org/wiki/File:Ligna_pordego_%C4%89e_pado_en_la_C%E1%BB%A7-Chi-tuneloj.jpg,https://upload.wikimedia.org/wikipedia/commons/3/32/Ligna_pordego_%C4%89e_pado_en_la_C%E1%BB%A7-Chi-tuneloj.jpg?utm_source=commons.wikimedia.org&utm_campaign=imageinfo&utm_content=original,CC BY-SA 4.0,RG72,"Ligna pordego ĉe pado en la Củ-Chi-tuneloj, Vjetnamio.",downloaded
090_Maketo de partizana tunelo en ekspoziciejo en la Củ-Chi-tuneloj.jpg,Maketo de partizana tunelo en ekspoziciejo en la Củ-Chi-tuneloj.jpg,3072,2304,Wikimedia thumbnail ~1600px wide (or original if smaller),https://commons.wikimedia.org/wiki/File:Maketo_de_partizana_tunelo_en_ekspoziciejo_en_la_C%E1%BB%A7-Chi-tuneloj.jpg,https://upload.wikimedia.org/wikipedia/commons/a/ab/Maketo_de_partizana_tunelo_en_ekspoziciejo_en_la_C%E1%BB%A7-Chi-tuneloj.jpg?utm_source=commons.wikimedia.org&utm_campaign=imageinfo&utm_content=original,CC BY-SA 4.0,RG72,"Maketo de partizana tunelo en ekspoziciejo en la Củ-Chi-tuneloj, Vjetnamio.",downloaded
091_Manekeno de vjetnama geriano skribanta en kajero en la Củ-Chi-tuneloj.jpg,Manekeno de vjetnama geriano skribanta en kajero en la Củ-Chi-tuneloj.jpg,2304,3072,Wikimedia thumbnail ~1600px wide (or original if smaller),https://commons.wikimedia.org/wiki/File:Manekeno_de_vjetnama_geriano_skribanta_en_kajero_en_la_C%E1%BB%A7-Chi-tuneloj.jpg,https://upload.wikimedia.org/wikipedia/commons/d/da/Manekeno_de_vjetnama_geriano_skribanta_en_kajero_en_la_C%E1%BB%A7-Chi-tuneloj.jpg?utm_source=commons.wikimedia.org&utm_campaign=imageinfo&utm_content=original,CC BY-SA 4.0,RG72,"Manekeno de vjetnama geriano skribanta en kajero en la Củ-Chi-tuneloj, Vjetnamio.",downloaded
092_Manekeno de vjetnama gerilanino sur hamako en la Củ-Chi-tuneloj 01jpg.jpg,Manekeno de vjetnama gerilanino sur hamako en la Củ-Chi-tuneloj 01jpg.jpg,3072,2304,Wikimedia thumbnail ~1600px wide (or original if smaller),https://commons.wikimedia.org/wiki/File:Manekeno_de_vjetnama_gerilanino_sur_hamako_en_la_C%E1%BB%A7-Chi-tuneloj_01jpg.jpg,https://upload.wikimedia.org/wikipedia/commons/d/de/Manekeno_de_vjetnama_gerilanino_sur_hamako_en_la_C%E1%BB%A7-Chi-tuneloj_01jpg.jpg?utm_source=commons.wikimedia.org&utm_campaign=imageinfo&utm_content=original,CC BY-SA 4.0,RG72,"Manekeno de vjetnama gerilanino sur hamako en la Củ-Chi-tuneloj, Vjetnamio.",downloaded
093_Manekenoj de du vjetnamaj gerilanoj en la Củ-Chi-tuneloj.jpg,Manekenoj de du vjetnamaj gerilanoj en la Củ-Chi-tuneloj.jpg,3072,2304,Wikimedia thumbnail ~1600px wide (or original if smaller),https://commons.wikimedia.org/wiki/File:Manekenoj_de_du_vjetnamaj_gerilanoj_en_la_C%E1%BB%A7-Chi-tuneloj.jpg,https://upload.wikimedia.org/wikipedia/commons/9/9a/Manekenoj_de_du_vjetnamaj_gerilanoj_en_la_C%E1%BB%A7-Chi-tuneloj.jpg?utm_source=commons.wikimedia.org&utm_campaign=imageinfo&utm_content=original,CC BY-SA 4.0,RG72,"Manekenoj de du vjetnamaj gerilanoj en la Củ-Chi-tuneloj, Vjetnamio.",downloaded
094_Manekenoj de vjetnamaj gerilanoj sur hamako en la Củ-Chi-tuneloj.jpg,Manekenoj de vjetnamaj gerilanoj sur hamako en la Củ-Chi-tuneloj.jpg,3072,2304,Wikimedia thumbnail ~1600px wide (or original if smaller),https://commons.wikimedia.org/wiki/File:Manekenoj_de_vjetnamaj_gerilanoj_sur_hamako_en_la_C%E1%BB%A7-Chi-tuneloj.jpg,https://upload.wikimedia.org/wikipedia/commons/c/c1/Manekenoj_de_vjetnamaj_gerilanoj_sur_hamako_en_la_C%E1%BB%A7-Chi-tuneloj.jpg?utm_source=commons.wikimedia.org&utm_campaign=imageinfo&utm_content=original,CC BY-SA 4.0,RG72,"Manekenoj de vjetnamaj gerilanoj sur hamako en la Củ-Chi-tuneloj, Vjetnamio.",downloaded
095_Metala ŝtuparo en unu el la Củ-Chi-tuneloj.jpg,Metala ŝtuparo en unu el la Củ-Chi-tuneloj.jpg,2304,3072,Wikimedia thumbnail ~1600px wide (or original if smaller),https://commons.wikimedia.org/wiki/File:Metala_%C5%9Dtuparo_en_unu_el_la_C%E1%BB%A7-Chi-tuneloj.jpg,https://upload.wikimedia.org/wikipedia/commons/8/86/Metala_%C5%9Dtuparo_en_unu_el_la_C%E1%BB%A7-Chi-tuneloj.jpg?utm_source=commons.wikimedia.org&utm_campaign=imageinfo&utm_content=original,CC BY-SA 4.0,RG72,"Metala ŝtuparo en unu el la Củ-Chi-tuneloj, Vjetnamio.",downloaded
096_Muzea kunlaboranto en kakia uniformo montras enirejon al unu el la Củ-Chi-tuneloj.jpg,Muzea kunlaboranto en kakia uniformo montras enirejon al unu el la Củ-Chi-tuneloj.jpg,2304,3072,Wikimedia thumbnail ~1600px wide (or original if smaller),https://commons.wikimedia.org/wiki/File:Muzea_kunlaboranto_en_kakia_uniformo_montras_enirejon_al_unu_el_la_C%E1%BB%A7-Chi-tuneloj.jpg,https://upload.wikimedia.org/wikipedia/commons/1/11/Muzea_kunlaboranto_en_kakia_uniformo_montras_enirejon_al_unu_el_la_C%E1%BB%A7-Chi-tuneloj.jpg?utm_source=commons.wikimedia.org&utm_campaign=imageinfo&utm_content=original,CC BY-SA 4.0,RG72,"Muzea kunlaboranto en kakia uniformo montras enirejon al unu el la Củ-Chi-tuneloj, Vjetnamio.",downloaded
097_Pado en la Củ-Chi-tuneloj 01.jpg,Pado en la Củ-Chi-tuneloj 01.jpg,3072,2304,Wikimedia thumbnail ~1600px wide (or original if smaller),https://commons.wikimedia.org/wiki/File:Pado_en_la_C%E1%BB%A7-Chi-tuneloj_01.jpg,https://upload.wikimedia.org/wikipedia/commons/4/4f/Pado_en_la_C%E1%BB%A7-Chi-tuneloj_01.jpg?utm_source=commons.wikimedia.org&utm_campaign=imageinfo&utm_content=original,CC BY-SA 4.0,RG72,"Pado en la Củ-Chi-tuneloj, Vjetnamio.",downloaded
098_Pado en la Củ-Chi-tuneloj 02.jpg,Pado en la Củ-Chi-tuneloj 02.jpg,2304,3072,Wikimedia thumbnail ~1600px wide (or original if smaller),https://commons.wikimedia.org/wiki/File:Pado_en_la_C%E1%BB%A7-Chi-tuneloj_02.jpg,https://upload.wikimedia.org/wikipedia/commons/5/52/Pado_en_la_C%E1%BB%A7-Chi-tuneloj_02.jpg?utm_source=commons.wikimedia.org&utm_campaign=imageinfo&utm_content=original,CC BY-SA 4.0,RG72,"Pado en la Củ-Chi-tuneloj, Vjetnamio.",downloaded
099_Pado en la Củ-Chi-tuneloj 03.jpg,Pado en la Củ-Chi-tuneloj 03.jpg,2304,3072,Wikimedia thumbnail ~1600px wide (or original if smaller),https://commons.wikimedia.org/wiki/File:Pado_en_la_C%E1%BB%A7-Chi-tuneloj_03.jpg,https://upload.wikimedia.org/wikipedia/commons/9/91/Pado_en_la_C%E1%BB%A7-Chi-tuneloj_03.jpg?utm_source=commons.wikimedia.org&utm_campaign=imageinfo&utm_content=original,CC BY-SA 4.0,RG72,"Pado en la Củ-Chi-tuneloj, Vjetnamio.",downloaded
100_Pado en la Củ-Chi-tuneloj.jpg,Pado en la Củ-Chi-tuneloj.jpg,2304,3072,Wikimedia thumbnail ~1600px wide (or original if smaller),https://commons.wikimedia.org/wiki/File:Pado_en_la_C%E1%BB%A7-Chi-tuneloj.jpg,https://upload.wikimedia.org/wikipedia/commons/5/5e/Pado_en_la_C%E1%BB%A7-Chi-tuneloj.jpg?utm_source=commons.wikimedia.org&utm_campaign=imageinfo&utm_content=original,CC BY-SA 4.0,RG72,"Pado en la Củ-Chi-tuneloj, Vjetnamio.",downloaded
